test_generate_data_list[0]|PASSED|tests/tests_05_generate_param_data/01_generate_data/test_generate_data.py::test_generate_data_list[0]|
test_generate_data_list[1]|PASSED|tests/tests_05_generate_param_data/01_generate_data/test_generate_data.py::test_generate_data_list[1]|
test_generate_data_list[2]|PASSED|tests/tests_05_generate_param_data/01_generate_data/test_generate_data.py::test_generate_data_list[2]|
test_generate_data_list[3]|PASSED|tests/tests_05_generate_param_data/01_generate_data/test_generate_data.py::test_generate_data_list[3]|
test_generate_data_list[4]|PASSED|tests/tests_05_generate_param_data/01_generate_data/test_generate_data.py::test_generate_data_list[4]|
test_generate_data_list[5]|PASSED|tests/tests_05_generate_param_data/01_generate_data/test_generate_data.py::test_generate_data_list[5]|
test_generate_data_list[6]|PASSED|tests/tests_05_generate_param_data/01_generate_data/test_generate_data.py::test_generate_data_list[6]|
test_generate_data_list[7]|PASSED|tests/tests_05_generate_param_data/01_generate_data/test_generate_data.py::test_generate_data_list[7]|
test_generate_data_list[8]|FAILED|tests/tests_05_generate_param_data/01_generate_data/test_generate_data.py::test_generate_data_list[8]|
test_generate_data_list[9]|FAILED|tests/tests_05_generate_param_data/01_generate_data/test_generate_data.py::test_generate_data_list[9]|
test_generate_data_tuple[data_tuple0]|PASSED|tests/tests_05_generate_param_data/01_generate_data/test_generate_data.py::test_generate_data_tuple[data_tuple0]|
test_generate_data_tuple[data_tuple1]|PASSED|tests/tests_05_generate_param_data/01_generate_data/test_generate_data.py::test_generate_data_tuple[data_tuple1]|
test_generate_data_tuple[data_tuple2]|PASSED|tests/tests_05_generate_param_data/01_generate_data/test_generate_data.py::test_generate_data_tuple[data_tuple2]|
test_generate_data_tuple[data_tuple3]|PASSED|tests/tests_05_generate_param_data/01_generate_data/test_generate_data.py::test_generate_data_tuple[data_tuple3]|
test_generate_data_tuple[data_tuple4]|PASSED|tests/tests_05_generate_param_data/01_generate_data/test_generate_data.py::test_generate_data_tuple[data_tuple4]|
test_generate_data_tuple[data_tuple5]|PASSED|tests/tests_05_generate_param_data/01_generate_data/test_generate_data.py::test_generate_data_tuple[data_tuple5]|
test_generate_data_tuple[data_tuple6]|PASSED|tests/tests_05_generate_param_data/01_generate_data/test_generate_data.py::test_generate_data_tuple[data_tuple6]|
test_generate_data_tuple[data_tuple7]|PASSED|tests/tests_05_generate_param_data/01_generate_data/test_generate_data.py::test_generate_data_tuple[data_tuple7]|
test_generate_data_tuple[data_tuple8]|PASSED|tests/tests_05_generate_param_data/01_generate_data/test_generate_data.py::test_generate_data_tuple[data_tuple8]|
test_generate_data_tuple[data_tuple9]|PASSED|tests/tests_05_generate_param_data/01_generate_data/test_generate_data.py::test_generate_data_tuple[data_tuple9]|
test_generate_data_two_lists_are_triples[1-3]|PASSED|tests/tests_05_generate_param_data/01_generate_data/test_generate_data.py::test_generate_data_two_lists_are_triples[1-3]|
test_generate_data_two_lists_are_triples[1-6]|FAILED|tests/tests_05_generate_param_data/01_generate_data/test_generate_data.py::test_generate_data_two_lists_are_triples[1-6]|
test_generate_data_two_lists_are_triples[1-9]|FAILED|tests/tests_05_generate_param_data/01_generate_data/test_generate_data.py::test_generate_data_two_lists_are_triples[1-9]|
test_generate_data_two_lists_are_triples[2-3]|FAILED|tests/tests_05_generate_param_data/01_generate_data/test_generate_data.py::test_generate_data_two_lists_are_triples[2-3]|
test_generate_data_two_lists_are_triples[2-6]|PASSED|tests/tests_05_generate_param_data/01_generate_data/test_generate_data.py::test_generate_data_two_lists_are_triples[2-6]|
test_generate_data_two_lists_are_triples[2-9]|FAILED|tests/tests_05_generate_param_data/01_generate_data/test_generate_data.py::test_generate_data_two_lists_are_triples[2-9]|
test_generate_data_two_lists_are_triples[3-3]|FAILED|tests/tests_05_generate_param_data/01_generate_data/test_generate_data.py::test_generate_data_two_lists_are_triples[3-3]|
test_generate_data_two_lists_are_triples[3-6]|FAILED|tests/tests_05_generate_param_data/01_generate_data/test_generate_data.py::test_generate_data_two_lists_are_triples[3-6]|
test_generate_data_two_lists_are_triples[3-9]|PASSED|tests/tests_05_generate_param_data/01_generate_data/test_generate_data.py::test_generate_data_two_lists_are_triples[3-9]|
